{"flutter":{"platforms":{"android":{"default":{"projectId":"placenext-17bb0","appId":"1:225265442811:android:07441c0bf86a2105dab55e","fileOutput":"android/app/google-services.json"}},"ios":{"default":{"projectId":"placenext-17bb0","appId":"1:225265442811:ios:b876c50ec39af420dab55e","uploadDebugSymbols":false,"fileOutput":"ios/Runner/GoogleService-Info.plist"}},"macos":{"default":{"projectId":"placenext-17bb0","appId":"1:225265442811:ios:b876c50ec39af420dab55e","uploadDebugSymbols":false,"fileOutput":"macos/Runner/GoogleService-Info.plist"}},"dart":{"lib/firebase_options.dart":{"projectId":"placenext-17bb0","configurations":{"android":"1:225265442811:android:07441c0bf86a2105dab55e","ios":"1:225265442811:ios:b876c50ec39af420dab55e","macos":"1:225265442811:ios:b876c50ec39af420dab55e","web":"1:225265442811:web:98d279c9f20b2b9adab55e","windows":"1:225265442811:web:8ee0e2d3b9581569dab55e"}}}}}}